_id,tdsAmount,amount,cummulativePurchaseFinyear,cummulativeRedeemFinyear,taxedNetWinnings,TDSDeductedFinyear
redeem-302969,57,-590,800,510,300,90
redeem-932992,57,-590,800,510,300,90
redeem-804324,57,-590,800,510,300,90
redeem-680013,57,-590,800,510,300,90
redeem-921368,57,-590,800,510,300,90
redeem-312251,57,-590,800,510,300,90
redeem-464236,57,-590,800,510,300,90
redeem-745004,57,-590,800,510,300,90
redeem-325664,57,-590,800,510,300,90
redeem-486329,57,-590,800,510,300,90
redeem-867916,57,-590,800,510,300,90
redeem-721802,57,-590,800,510,300,90
redeem-882271,57,-590,800,510,300,90
redeem-191693,57,-590,800,510,300,90
redeem-356896,57,-590,800,510,300,90
redeem-950699,57,-590,800,510,300,90
redeem-268305,57,-590,800,510,300,90
redeem-815739,57,-590,800,510,300,90
redeem-522499,57,-590,800,510,300,90
redeem-763501,57,-590,800,510,300,90
redeem-268286,57,-590,800,510,300,90
redeem-722875,57,-590,800,510,300,90
redeem-858063,57,-590,800,510,300,90
redeem-972135,57,-590,800,510,300,90
redeem-601700,57,-590,800,510,300,90
redeem-108318,57,-590,800,510,300,90
redeem-459544,57,-590,800,510,300,90
redeem-637843,57,-590,800,510,300,90
redeem-765311,57,-590,800,510,300,90
redeem-281591,57,-590,800,510,300,90
redeem-566457,57,-590,800,510,300,90
redeem-608799,57,-590,800,510,300,90
redeem-364438,57,-590,800,510,300,90
redeem-614766,57,-590,800,510,300,90
redeem-326134,0,-6,20,11,0,0
redeem-325690,30,-100,0,0,100,30
redeem-337674,57,-590,800,510,300,90
redeem-690629,57,-590,800,510,300,90
redeem-337492,57,-590,800,510,300,90
redeem-722878,57,-590,800,510,300,90
redeem-928418,57,-590,800,510,300,90
redeem-364570,57,-590,800,510,300,90
redeem-354993,57,-590,800,510,300,90
redeem-429738,57,-590,800,510,300,90
redeem-466108,57,-590,800,510,300,90
redeem-969695,57,-590,800,510,300,90
redeem-200502,57,-590,800,510,300,90
redeem-106389,57,-590,800,510,300,90
redeem-168060,57,-590,800,510,300,90
redeem-225666,57,-590,800,510,300,90
redeem-881603,57,-590,800,510,300,90
redeem-395410,57,-590,800,510,300,90
redeem-735149,57,-590,800,510,300,90
redeem-812924,57,-590,800,510,300,90
redeem-442031,57,-590,800,510,300,90
redeem-813390,57,-590,800,510,300,90
redeem-439957,57,-590,800,510,300,90
redeem-258141,57,-590,800,510,300,90
redeem-648142,57,-590,800,510,300,90
redeem-881684,57,-590,800,510,300,90
redeem-468936,57,-590,800,510,300,90
redeem-734703,57,-590,800,510,300,90
redeem-348982,57,-590,800,510,300,90
redeem-283701,57,-590,800,510,300,90
redeem-566946,57,-590,800,510,300,90
redeem-785515,57,-590,800,510,300,90
redeem-283951,57,-590,800,510,300,90
redeem-575153,57,-590,800,510,300,90
redeem-141063,57,-590,800,510,300,90
redeem-208370,57,-590,800,510,300,90
redeem-500416,57,-590,800,510,300,90
redeem-309117,57,-590,800,510,300,90
redeem-325798,24.3,-381,300,381,81,24.3
redeem-561423,57,-590,800,510,300,90
redeem-396734,57,-590,800,510,300,90
redeem-520138,57,-590,800,510,300,90
redeem-157111,57,-590,800,510,300,90
redeem-268713,57,-590,800,510,300,90
redeem-232218,57,-590,800,510,300,90
redeem-506206,57,-590,800,510,300,90
redeem-704167,57,-590,800,510,300,90
redeem-502906,57,-590,800,510,300,90
redeem-953575,57,-590,800,510,300,90
redeem-146287,57,-590,800,510,300,90
redeem-330744,57,-590,800,510,300,90
redeem-934564,57,-590,800,510,300,90
redeem-714766,57,-590,800,510,300,90
redeem-625780,57,-590,800,510,300,90
redeem-268830,57,-590,800,510,300,90
redeem-380298,57,-590,800,510,300,90
redeem-514432,57,-590,800,510,300,90
redeem-949747,57,-590,800,510,300,90
redeem-268393,57,-590,800,510,300,90
redeem-848321,57,-590,800,510,300,90
redeem-388526,57,-590,800,510,300,90
redeem-412596,57,-590,800,510,300,90
redeem-717228,57,-590,800,510,300,90
redeem-584907,57,-590,800,510,300,90
redeem-733737,57,-590,800,510,300,90
redeem-330616,57,-590,800,510,300,90
redeem-530660,57,-590,800,510,300,90
redeem-805226,57,-590,800,510,300,90
redeem-879244,57,-590,800,510,300,90
redeem-251958,57,-590,800,510,300,90
redeem-849352,57,-590,800,510,300,90
redeem-977976,57,-590,800,510,300,90
redeem-226700,57,-590,800,510,300,90
redeem-151471,57,-590,800,510,300,90
redeem-109995,57,-590,800,510,300,90
redeem-664624,57,-590,800,510,300,90
redeem-304229,57,-590,800,510,300,90
redeem-575064,57,-590,800,510,300,90
redeem-442606,57,-590,800,510,300,90
redeem-799693,57,-590,800,510,300,90
redeem-163038,57,-590,800,510,300,90
redeem-291957,57,-590,800,510,300,90
redeem-436253,57,-590,800,510,300,90
redeem-113101,57,-590,800,510,300,90
redeem-172666,57,-590,800,510,300,90
redeem-277866,57,-590,800,510,300,90
redeem-810189,57,-590,800,510,300,90
redeem-718235,57,-590,800,510,300,90
redeem-536355,57,-590,800,510,300,90
redeem-972376,57,-590,800,510,300,90
redeem-224384,57,-590,800,510,300,90
redeem-843879,57,-590,800,510,300,90
redeem-355268,57,-590,800,510,300,90
redeem-326117,24,-100,20,100,80,24
redeem-838698,57,-590,800,510,300,90
redeem-325778-cancelled,,300,100,0,0,0
redeem-222734,57,-590,800,510,300,90
redeem-335602,57,-590,800,510,300,90
redeem-691530,57,-590,800,510,300,90
redeem-110486,57,-590,800,510,300,90
redeem-918989,57,-590,800,510,300,90
redeem-527817,57,-590,800,510,300,90
redeem-799979,57,-590,800,510,300,90
redeem-732536,57,-590,800,510,300,90
redeem-825985,57,-590,800,510,300,90
redeem-325780,60,-300,100,300,200,60
redeem-266238,57,-590,800,510,300,90
redeem-840147,57,-590,800,510,300,90
redeem-744780,57,-590,800,510,300,90
redeem-644004,57,-590,800,510,300,90
redeem-452383,57,-590,800,510,300,90
redeem-368795,57,-590,800,510,300,90
redeem-233723,57,-590,800,510,300,90
redeem-325663,0,-100,800,510,110,33
redeem-592522,57,-590,800,510,300,90
redeem-230197,57,-590,800,510,300,90
redeem-627057,57,-590,800,510,300,90
redeem-896475,57,-590,800,510,300,90
redeem-428971,57,-590,800,510,300,90
redeem-610900,57,-590,800,510,300,90
redeem-835356,57,-590,800,510,300,90
redeem-746080,57,-590,800,510,300,90
redeem-669384,57,-590,800,510,300,90
redeem-176342,57,-590,800,510,300,90
redeem-325721-cancelled,,300,1000,0,0,0
redeem-422751,57,-590,800,510,300,90
redeem-729236,57,-590,800,510,300,90
redeem-840362,57,-590,800,510,300,90
redeem-460063,57,-590,800,510,300,90
redeem-764167,57,-590,800,510,300,90
redeem-537177,57,-590,800,510,300,90
redeem-243280,57,-590,800,510,300,90
redeem-380078,57,-590,800,510,300,90
redeem-504147,57,-590,800,510,300,90
redeem-365011,57,-590,800,510,300,90
redeem-163281,57,-590,800,510,300,90
redeem-158164,57,-590,800,510,300,90
redeem-984132,57,-590,800,510,300,90
redeem-925736,57,-590,800,510,300,90
redeem-292485,57,-590,800,510,300,90
redeem-523742,57,-590,800,510,300,90
redeem-870074,57,-590,800,510,300,90
redeem-137002,57,-590,800,510,300,90
redeem-128818,57,-590,800,510,300,90
redeem-980514,57,-590,800,510,300,90
redeem-620251,57,-590,800,510,300,90
redeem-702808,57,-590,800,510,300,90
redeem-958783,57,-590,800,510,300,90
redeem-389933,57,-590,800,510,300,90
redeem-531364,57,-590,800,510,300,90
redeem-294972,57,-590,800,510,300,90
redeem-773539,57,-590,800,510,300,90
redeem-240722,57,-590,800,510,300,90
redeem-271965,57,-590,800,510,300,90
redeem-581237,57,-590,800,510,300,90
redeem-360662,57,-590,800,510,300,90
redeem-780642,57,-590,800,510,300,90
redeem-193040,57,-590,800,510,300,90
redeem-597651,57,-590,800,510,300,90
redeem-960154,57,-590,800,510,300,90
redeem-309956,57,-590,800,510,300,90
redeem-150893,57,-590,800,510,300,90
redeem-169866,57,-590,800,510,300,90
redeem-655903,57,-590,800,510,300,90
redeem-125522,57,-590,800,510,300,90
redeem-853686,57,-590,800,510,300,90
redeem-996509,57,-590,800,510,300,90
redeem-122045,57,-590,800,510,300,90
redeem-711154,57,-590,800,510,300,90
redeem-449877,57,-590,800,510,300,90
redeem-226538,57,-590,800,510,300,90
redeem-592948,57,-590,800,510,300,90
redeem-242740,57,-590,800,510,300,90
redeem-219271,57,-590,800,510,300,90
redeem-831046,57,-590,800,510,300,90
redeem-506061,57,-590,800,510,300,90
redeem-541579,57,-590,800,510,300,90
redeem-236499,57,-590,800,510,300,90
redeem-387746,57,-590,800,510,300,90
redeem-611715,57,-590,800,510,300,90
redeem-784161,57,-590,800,510,300,90
redeem-182788,57,-590,800,510,300,90
redeem-827911,57,-590,800,510,300,90
redeem-674657,57,-590,800,510,300,90
redeem-932340,57,-590,800,510,300,90
redeem-724686,57,-590,800,510,300,90
redeem-870177,57,-590,800,510,300,90
redeem-600125,57,-590,800,510,300,90
redeem-951353,57,-590,800,510,300,90
redeem-370898,57,-590,800,510,300,90
redeem-963817,57,-590,800,510,300,90
redeem-252843,57,-590,800,510,300,90
redeem-457481,57,-590,800,510,300,90
redeem-122964,57,-590,800,510,300,90
redeem-639611,57,-590,800,510,300,90
redeem-508623,57,-590,800,510,300,90
redeem-326120-cancelled,,100,20,116,116,34.8
redeem-938310,57,-590,800,510,300,90
redeem-968760,57,-590,800,510,300,90
redeem-395560,57,-590,800,510,300,90
redeem-456967,57,-590,800,510,300,90
redeem-365019,57,-590,800,510,300,90
redeem-355513,57,-590,800,510,300,90
redeem-968416,57,-590,800,510,300,90
redeem-812436,57,-590,800,510,300,90
redeem-802087,57,-590,800,510,300,90
redeem-540402,57,-590,800,510,300,90
redeem-316672,57,-590,800,510,300,90
redeem-521471,57,-590,800,510,300,90
redeem-326126-cancelled,,7,20,89,89,26.7
redeem-284614,57,-590,800,510,300,90
redeem-813324,57,-590,800,510,300,90
redeem-225561,57,-590,800,510,300,90
redeem-938943,57,-590,800,510,300,90
redeem-852859,57,-590,800,510,300,90
redeem-694750,57,-590,800,510,300,90
redeem-680845,57,-590,800,510,300,90
redeem-163927,57,-590,800,510,300,90
redeem-563031,57,-590,800,510,300,90
redeem-549379,57,-590,800,510,300,90
redeem-974262,57,-590,800,510,300,90
redeem-637083,57,-590,800,510,300,90
redeem-788091,57,-590,800,510,300,90
redeem-221807,57,-590,800,510,300,90
redeem-670055,57,-590,800,510,300,90
redeem-890889,57,-590,800,510,300,90
redeem-911391,57,-590,800,510,300,90
redeem-212584,57,-590,800,510,300,90
redeem-759205,57,-590,800,510,300,90
redeem-325794,0,-300,300,300,0,0
redeem-688853,57,-590,800,510,300,90
redeem-392284,57,-590,800,510,300,90
redeem-760173,57,-590,800,510,300,90
redeem-955380,57,-590,800,510,300,90
redeem-301777,57,-590,800,510,300,90
redeem-137009,57,-590,800,510,300,90
redeem-210115,57,-590,800,510,300,90
redeem-228618,57,-590,800,510,300,90
redeem-180220,57,-590,800,510,300,90
redeem-637739,57,-590,800,510,300,90
redeem-923295,57,-590,800,510,300,90
redeem-815881,57,-590,800,510,300,90
redeem-326122,15,-50,20,170,150,45
redeem-325926-cancelled,,100,20,0,0,0
redeem-299372,57,-590,800,510,300,90
redeem-948777,57,-590,800,510,300,90
redeem-414307,57,-590,800,510,300,90
redeem-808684,57,-590,800,510,300,90
redeem-472188,57,-590,800,510,300,90
redeem-191851,57,-590,800,510,300,90
redeem-203229,57,-590,800,510,300,90
redeem-354891,57,-590,800,510,300,90
redeem-785277,57,-590,800,510,300,90
redeem-519339,57,-590,800,510,300,90
redeem-858266,57,-590,800,510,300,90
redeem-990321,57,-590,800,510,300,90
redeem-950068,57,-590,800,510,300,90
redeem-264145,57,-590,800,510,300,90
redeem-404487,57,-590,800,510,300,90
redeem-257447,57,-590,800,510,300,90
redeem-573072,57,-590,800,510,300,90
redeem-882420,57,-590,800,510,300,90
redeem-565314,57,-590,800,510,300,90
redeem-232063,57,-590,800,510,300,90
redeem-133948,57,-590,800,510,300,90
redeem-111694,57,-590,800,510,300,90
redeem-201378,57,-590,800,510,300,90
redeem-137418,57,-590,800,510,300,90
redeem-620356,57,-590,800,510,300,90
redeem-116784,57,-590,800,510,300,90
redeem-362611,57,-590,800,510,300,90
redeem-984810,57,-590,800,510,300,90
redeem-156494,57,-590,800,510,300,90
redeem-322873,57,-590,800,510,300,90
redeem-727888,57,-590,800,510,300,90
redeem-184482,57,-590,800,510,300,90
redeem-675148,57,-590,800,510,300,90
redeem-783381,57,-590,800,510,300,90
redeem-137249,57,-590,800,510,300,90
redeem-775441,57,-590,800,510,300,90
redeem-789929,57,-590,800,510,300,90
redeem-723064,57,-590,800,510,300,90
redeem-436121,57,-590,800,510,300,90
redeem-110278,57,-590,800,510,300,90
redeem-544354,57,-590,800,510,300,90
redeem-817621,57,-590,800,510,300,90
redeem-179239,57,-590,800,510,300,90
redeem-402349,57,-590,800,510,300,90
redeem-325618,30,-100,,,,
redeem-931241,57,-590,800,510,300,90
redeem-888725,57,-590,800,510,300,90
redeem-816469,57,-590,800,510,300,90
redeem-325246,57,-590,800,510,300,90
redeem-648818,57,-590,800,510,300,90
redeem-252368,57,-590,800,510,300,90
redeem-618956,57,-590,800,510,300,90
redeem-880065,57,-590,800,510,300,90
redeem-779952,57,-590,800,510,300,90
redeem-908529,57,-590,800,510,300,90
redeem-530838,57,-590,800,510,300,90
redeem-252190,57,-590,800,510,300,90
redeem-905371,57,-590,800,510,300,90
redeem-273384,57,-590,800,510,300,90
redeem-645480,57,-590,800,510,300,90
redeem-534132,57,-590,800,510,300,90
redeem-705118,57,-590,800,510,300,90
redeem-718486,57,-590,800,510,300,90
redeem-222315,57,-590,800,510,300,90
redeem-476827,57,-590,800,510,300,90
redeem-680923,57,-590,800,510,300,90
redeem-444153,57,-590,800,510,300,90
redeem-185755,57,-590,800,510,300,90
redeem-684498,57,-590,800,510,300,90
redeem-990894,57,-590,800,510,300,90
redeem-419251,57,-590,800,510,300,90
redeem-171317,57,-590,800,510,300,90
redeem-937308,57,-590,800,510,300,90
redeem-692924,57,-590,800,510,300,90
redeem-142713,57,-590,800,510,300,90
redeem-635956,57,-590,800,510,300,90
redeem-264170,57,-590,800,510,300,90
redeem-955734,57,-590,800,510,300,90
redeem-990818,57,-590,800,510,300,90
redeem-113037,57,-590,800,510,300,90
redeem-854237,57,-590,800,510,300,90
redeem-755000,57,-590,800,510,300,90
redeem-253634,57,-590,800,510,300,90
redeem-133498,57,-590,800,510,300,90
redeem-141549,57,-590,800,510,300,90
redeem-362693,57,-590,800,510,300,90
redeem-919337,57,-590,800,510,300,90
redeem-986568,57,-590,800,510,300,90
redeem-254650,57,-590,800,510,300,90
redeem-452771,57,-590,800,510,300,90
redeem-917711,57,-590,800,510,300,90
redeem-650855,57,-590,800,510,300,90
redeem-720326,57,-590,800,510,300,90
redeem-599981,57,-590,800,510,300,90
redeem-176242,57,-590,800,510,300,90
redeem-326123-cancelled,,28,20,0,0,0
redeem-202817,57,-590,800,510,300,90
redeem-802720,57,-590,800,510,300,90
redeem-652447,57,-590,800,510,300,90
redeem-411029,57,-590,800,510,300,90
redeem-131414,57,-590,800,510,300,90
redeem-335155,57,-590,800,510,300,90
redeem-994076,57,-590,800,510,300,90
redeem-685135,57,-590,800,510,300,90
redeem-714640,57,-590,800,510,300,90
redeem-218932,57,-590,800,510,300,90
redeem-604929,57,-590,800,510,300,90
redeem-723359,57,-590,800,510,300,90
redeem-533571,57,-590,800,510,300,90
redeem-918250,57,-590,800,510,300,90
redeem-548037,57,-590,800,510,300,90
redeem-696582,57,-590,800,510,300,90
redeem-433628,57,-590,800,510,300,90
redeem-758877,57,-590,800,510,300,90
redeem-862075,57,-590,800,510,300,90
redeem-676527,57,-590,800,510,300,90
redeem-110540,57,-590,800,510,300,90
redeem-115818,57,-590,800,510,300,90
redeem-983127,57,-590,800,510,300,90
redeem-949353,57,-590,800,510,300,90
redeem-219884,57,-590,800,510,300,90
redeem-714751,57,-590,800,510,300,90
redeem-749525,57,-590,800,510,300,90
redeem-426221,57,-590,800,510,300,90
redeem-513056,57,-590,800,510,300,90
redeem-277157,57,-590,800,510,300,90
redeem-632217,57,-590,800,510,300,90
redeem-140482,57,-590,800,510,300,90
redeem-752738,57,-590,800,510,300,90
redeem-513302,57,-590,800,510,300,90
redeem-925032,57,-590,800,510,300,90
redeem-325789,0.3,-301,300,301,1,0.3
redeem-629124,57,-590,800,510,300,90
redeem-768197,57,-590,800,510,300,90
redeem-415978,57,-590,800,510,300,90
redeem-470734,57,-590,800,510,300,90
redeem-712790,57,-590,800,510,300,90
redeem-584539,57,-590,800,510,300,90
redeem-214177,57,-590,800,510,300,90
redeem-467498,57,-590,800,510,300,90
redeem-877774,57,-590,800,510,300,90
redeem-909271,57,-590,800,510,300,90
redeem-783838,57,-590,800,510,300,90
redeem-103225,57,-590,800,510,300,90
redeem-157494,57,-590,800,510,300,90
redeem-620044,57,-590,800,510,300,90
redeem-254868,57,-590,800,510,300,90
redeem-119532,57,-590,800,510,300,90
redeem-198560,57,-590,800,510,300,90
redeem-949164,57,-590,800,510,300,90
redeem-412983,57,-590,800,510,300,90
redeem-326156,0,-15,20,15,0,0
redeem-231334,57,-590,800,510,300,90
redeem-702524,57,-590,800,510,300,90
redeem-385787,57,-590,800,510,300,90
redeem-653334,57,-590,800,510,300,90
redeem-341182,57,-590,800,510,300,90
redeem-289730,57,-590,800,510,300,90
redeem-172632,57,-590,800,510,300,90
redeem-705352,57,-590,800,510,300,90
redeem-341950,57,-590,800,510,300,90
redeem-819666,57,-590,800,510,300,90
redeem-983055,57,-590,800,510,300,90
redeem-228853,57,-590,800,510,300,90
redeem-498643,57,-590,800,510,300,90
redeem-862045,57,-590,800,510,300,90
redeem-622900,57,-590,800,510,300,90
redeem-500234,57,-590,800,510,300,90
redeem-322925,57,-590,800,510,300,90
redeem-593997,57,-590,800,510,300,90
redeem-903987,57,-590,800,510,300,90
redeem-297631,57,-590,800,510,300,90
redeem-135060,57,-590,800,510,300,90
redeem-585726,57,-590,800,510,300,90
redeem-566606,57,-590,800,510,300,90
redeem-435499,57,-590,800,510,300,90
redeem-553994,57,-590,800,510,300,90
redeem-821545,57,-590,800,510,300,90
redeem-928909,57,-590,800,510,300,90
redeem-136278,57,-590,800,510,300,90
redeem-725371,57,-590,800,510,300,90
redeem-665275,57,-590,800,510,300,90
redeem-872472,57,-590,800,510,300,90
redeem-121119,57,-590,800,510,300,90
redeem-331223,57,-590,800,510,300,90
redeem-386040,57,-590,800,510,300,90
redeem-325829-cancelled,,100,20,0,0,0
redeem-757982,57,-590,800,510,300,90
redeem-548608,57,-590,800,510,300,90
redeem-634390,57,-590,800,510,300,90
redeem-510663,57,-590,800,510,300,90
redeem-356923,57,-590,800,510,300,90
redeem-705463,57,-590,800,510,300,90
redeem-445115,57,-590,800,510,300,90
redeem-375516,57,-590,800,510,300,90
redeem-805473,57,-590,800,510,300,90
redeem-200918,57,-590,800,510,300,90
redeem-409058,57,-590,800,510,300,90
redeem-182145,57,-590,800,510,300,90
redeem-925072,57,-590,800,510,300,90
redeem-400623,57,-590,800,510,300,90
redeem-719587,57,-590,800,510,300,90
redeem-325799-cancelled,,300,300,0,0,0
redeem-732156,57,-590,800,510,300,90
redeem-447157,57,-590,800,510,300,90
redeem-295630,57,-590,800,510,300,90
redeem-299922,57,-590,800,510,300,90
redeem-717318,57,-590,800,510,300,90
redeem-236057,57,-590,800,510,300,90
redeem-975755,57,-590,800,510,300,90
redeem-991099,57,-590,800,510,300,90
redeem-296357,57,-590,800,510,300,90
redeem-157863,57,-590,800,510,300,90
redeem-395672,57,-590,800,510,300,90
redeem-486079,57,-590,800,510,300,90
redeem-510803,57,-590,800,510,300,90
redeem-742155,57,-590,800,510,300,90
redeem-762419,57,-590,800,510,300,90
redeem-440091,57,-590,800,510,300,90
redeem-435747,57,-590,800,510,300,90
redeem-975574,57,-590,800,510,300,90
redeem-572539,57,-590,800,510,300,90
redeem-158146,57,-590,800,510,300,90
redeem-270370,57,-590,800,510,300,90
redeem-133089,57,-590,800,510,300,90
redeem-594021,57,-590,800,510,300,90
redeem-811075,57,-590,800,510,300,90
redeem-499281,57,-590,800,510,300,90
redeem-642394,57,-590,800,510,300,90
redeem-505974,57,-590,800,510,300,90
redeem-138172,57,-590,800,510,300,90
redeem-970745,57,-590,800,510,300,90
redeem-427423,57,-590,800,510,300,90
redeem-821870,57,-590,800,510,300,90
redeem-649728,57,-590,800,510,300,90
redeem-888425,57,-590,800,510,300,90
redeem-223308,57,-590,800,510,300,90
redeem-332155,57,-590,800,510,300,90
redeem-107661,57,-590,800,510,300,90
redeem-491206,57,-590,800,510,300,90
redeem-279974,57,-590,800,510,300,90
redeem-654056,57,-590,800,510,300,90
redeem-972037,57,-590,800,510,300,90
redeem-341284,57,-590,800,510,300,90
redeem-675892,57,-590,800,510,300,90
redeem-855393,57,-590,800,510,300,90
redeem-724489,57,-590,800,510,300,90
redeem-966923,57,-590,800,510,300,90
redeem-887182,57,-590,800,510,300,90
redeem-512110,57,-590,800,510,300,90
redeem-115777,57,-590,800,510,300,90
redeem-325796,30,-400,300,400,100,30
redeem-936779,57,-590,800,510,300,90
redeem-115822,57,-590,800,510,300,90
redeem-808260,57,-590,800,510,300,90
redeem-737625,57,-590,800,510,300,90
redeem-933045,57,-590,800,510,300,90
redeem-843008,57,-590,800,510,300,90
redeem-406189,57,-590,800,510,300,90
redeem-846707,57,-590,800,510,300,90
redeem-524080,57,-590,800,510,300,90
redeem-419984,57,-590,800,510,300,90
redeem-126467,57,-590,800,510,300,90
redeem-667735,57,-590,800,510,300,90
redeem-273317,57,-590,800,510,300,90
redeem-899434,57,-590,800,510,300,90
redeem-214904,57,-590,800,510,300,90
redeem-181571,57,-590,800,510,300,90
redeem-360011,57,-590,800,510,300,90
redeem-220764,57,-590,800,510,300,90
redeem-872914,57,-590,800,510,300,90
redeem-457289,57,-590,800,510,300,90
redeem-330729,57,-590,800,510,300,90
redeem-104783,57,-590,800,510,300,90
redeem-755535,57,-590,800,510,300,90
redeem-554958,57,-590,800,510,300,90
redeem-995559,57,-590,800,510,300,90
redeem-568645,57,-590,800,510,300,90
redeem-723348,57,-590,800,510,300,90
redeem-711826,57,-590,800,510,300,90
redeem-490392,57,-590,800,510,300,90
redeem-134564,57,-590,800,510,300,90
redeem-622807,57,-590,800,510,300,90
redeem-582578,57,-590,800,510,300,90
redeem-271961,57,-590,800,510,300,90
redeem-319602,57,-590,800,510,300,90
redeem-830138,57,-590,800,510,300,90
redeem-987400,57,-590,800,510,300,90
redeem-666548,57,-590,800,510,300,90
redeem-895630,57,-590,800,510,300,90
redeem-774879,57,-590,800,510,300,90
redeem-388186,57,-590,800,510,300,90
redeem-484867,57,-590,800,510,300,90
redeem-760977,57,-590,800,510,300,90
redeem-711119,57,-590,800,510,300,90
redeem-965139,57,-590,800,510,300,90
redeem-196911,57,-590,800,510,300,90
redeem-260158,57,-590,800,510,300,90
redeem-369174,57,-590,800,510,300,90
redeem-156859,57,-590,800,510,300,90
redeem-434273,57,-590,800,510,300,90
redeem-821242,57,-590,800,510,300,90
redeem-607242,57,-590,800,510,300,90
redeem-341428,57,-590,800,510,300,90
redeem-785012,57,-590,800,510,300,90
redeem-187052,57,-590,800,510,300,90
redeem-325620,3,-10,,,,
redeem-735017,57,-590,800,510,300,90
redeem-566492,57,-590,800,510,300,90
redeem-751255,57,-590,800,510,300,90
redeem-369627,57,-590,800,510,300,90
redeem-237633,57,-590,800,510,300,90
redeem-789176,57,-590,800,510,300,90
redeem-436358,57,-590,800,510,300,90
redeem-405965,57,-590,800,510,300,90
redeem-585648,57,-590,800,510,300,90
redeem-729557,57,-590,800,510,300,90
redeem-325789-cancelled,,301,300,0,0,0
redeem-182881,57,-590,800,510,300,90
redeem-104212,57,-590,800,510,300,90
redeem-853581,57,-590,800,510,300,90
redeem-413551,57,-590,800,510,300,90
redeem-739065,57,-590,800,510,300,90
redeem-125731,57,-590,800,510,300,90
redeem-413520,57,-590,800,510,300,90
redeem-480388,57,-590,800,510,300,90
redeem-692413,57,-590,800,510,300,90
redeem-173320,57,-590,800,510,300,90
redeem-263535,57,-590,800,510,300,90
redeem-206220,57,-590,800,510,300,90
redeem-122172,57,-590,800,510,300,90
redeem-934048,57,-590,800,510,300,90
redeem-229399,57,-590,800,510,300,90
redeem-661742,57,-590,800,510,300,90
redeem-591203,57,-590,800,510,300,90
redeem-451738,57,-590,800,510,300,90
redeem-530227,57,-590,800,510,300,90
redeem-681105,57,-590,800,510,300,90
redeem-493176,57,-590,800,510,300,90
d2a3a3ae-164c-4e30-be8e-db8e7b7a28b3,,400,800,510,110,33
redeem-647282,57,-590,800,510,300,90
redeem-843929,57,-590,800,510,300,90
redeem-202948,57,-590,800,510,300,90
redeem-815554,57,-590,800,510,300,90
redeem-346548,57,-590,800,510,300,90
redeem-974726,57,-590,800,510,300,90
redeem-349888,57,-590,800,510,300,90
redeem-941921,57,-590,800,510,300,90
redeem-748158,57,-590,800,510,300,90
redeem-233135,57,-590,800,510,300,90
redeem-889704,57,-590,800,510,300,90
redeem-471683,57,-590,800,510,300,90
redeem-841818,57,-590,800,510,300,90
redeem-365462,57,-590,800,510,300,90
redeem-384005,57,-590,800,510,300,90
redeem-405770,57,-590,800,510,300,90
redeem-789145,57,-590,800,510,300,90
redeem-720601,57,-590,800,510,300,90
redeem-976268,57,-590,800,510,300,90
redeem-633419,57,-590,800,510,300,90
redeem-421525,57,-590,800,510,300,90
redeem-395670,57,-590,800,510,300,90
redeem-547227,57,-590,800,510,300,90
redeem-310620,57,-590,800,510,300,90
redeem-646489,57,-590,800,510,300,90
redeem-766625,57,-590,800,510,300,90
redeem-104141,57,-590,800,510,300,90
redeem-591757,57,-590,800,510,300,90
redeem-237920,57,-590,800,510,300,90
redeem-347964,57,-590,800,510,300,90
redeem-669588,57,-590,800,510,300,90
redeem-950765,57,-590,800,510,300,90
redeem-810771,57,-590,800,510,300,90
redeem-239176,57,-590,800,510,300,90
redeem-347535,57,-590,800,510,300,90
redeem-737417,57,-590,800,510,300,90
redeem-963035,57,-590,800,510,300,90
redeem-597156,57,-590,800,510,300,90
redeem-883582,57,-590,800,510,300,90
redeem-402292,57,-590,800,510,300,90
redeem-551688,57,-590,800,510,300,90
redeem-158415,57,-590,800,510,300,90
redeem-252950,57,-590,800,510,300,90
redeem-934436,57,-590,800,510,300,90
redeem-470360,57,-590,800,510,300,90
redeem-930962,57,-590,800,510,300,90
redeem-366143,57,-590,800,510,300,90
redeem-829743,57,-590,800,510,300,90
redeem-793291,57,-590,800,510,300,90
redeem-680758,57,-590,800,510,300,90
redeem-923278,57,-590,800,510,300,90
redeem-517152,57,-590,800,510,300,90
redeem-619317,57,-590,800,510,300,90
redeem-423838,57,-590,800,510,300,90
redeem-733444,57,-590,800,510,300,90
redeem-388134,57,-590,800,510,300,90
redeem-327586,57,-590,800,510,300,90
redeem-132722,57,-590,800,510,300,90
redeem-110222,57,-590,800,510,300,90
redeem-934387,57,-590,800,510,300,90
redeem-829770,57,-590,800,510,300,90
redeem-467237,57,-590,800,510,300,90
redeem-822032,57,-590,800,510,300,90
redeem-560422,57,-590,800,510,300,90
redeem-653683,57,-590,800,510,300,90
redeem-326136,1.8,-8,20,26,6,1.8
redeem-178845,57,-590,800,510,300,90
redeem-317334,57,-590,800,510,300,90
redeem-632874,57,-590,800,510,300,90
redeem-665704,57,-590,800,510,300,90
redeem-797313,57,-590,800,510,300,90
redeem-473308,57,-590,800,510,300,90
redeem-119378,57,-590,800,510,300,90
redeem-340369,57,-590,800,510,300,90
redeem-813079,57,-590,800,510,300,90
redeem-947169,57,-590,800,510,300,90
redeem-654459,57,-590,800,510,300,90
redeem-140976,57,-590,800,510,300,90
redeem-984837,57,-590,800,510,300,90
redeem-472967,57,-590,800,510,300,90
redeem-653174,57,-590,800,510,300,90
redeem-152537,57,-590,800,510,300,90
redeem-244339,57,-590,800,510,300,90
redeem-439459,57,-590,800,510,300,90
redeem-325722-cancelled,,200,1000,0,0,0
redeem-787146,57,-590,800,510,300,90
redeem-692092,57,-590,800,510,300,90
redeem-122334,57,-590,800,510,300,90
redeem-355373,57,-590,800,510,300,90
redeem-756364,57,-590,800,510,300,90
redeem-326124-cancelled,,5,20,78,78,23.4
redeem-649827,57,-590,800,510,300,90
redeem-364620,57,-590,800,510,300,90
redeem-324248,57,-590,800,510,300,90
redeem-159947,57,-590,800,510,300,90
redeem-465836,57,-590,800,510,300,90
redeem-575305,57,-590,800,510,300,90
redeem-603522,57,-590,800,510,300,90
redeem-964590,57,-590,800,510,300,90
redeem-373283,57,-590,800,510,300,90
redeem-170263,57,-590,800,510,300,90
redeem-325828-cancelled,,100,2000,0,0,0
redeem-573121,57,-590,800,510,300,90
redeem-659813,57,-590,800,510,300,90
redeem-326131-cancelled,,12,20,254,234,70.2
redeem-959795,57,-590,800,510,300,90
redeem-891204,57,-590,800,510,300,90
redeem-338918,57,-590,800,510,300,90
redeem-244161,57,-590,800,510,300,90
redeem-861233,57,-590,800,510,300,90
redeem-767045,57,-590,800,510,300,90
redeem-261492,57,-590,800,510,300,90
redeem-417191,57,-590,800,510,300,90
redeem-493701,57,-590,800,510,300,90
redeem-342994,57,-590,800,510,300,90
redeem-374838,57,-590,800,510,300,90
redeem-813182,57,-590,800,510,300,90
redeem-935940,57,-590,800,510,300,90
redeem-350714,57,-590,800,510,300,90
redeem-210796,57,-590,800,510,300,90
redeem-210573,57,-590,800,510,300,90
redeem-499191,57,-590,800,510,300,90
redeem-310645,57,-590,800,510,300,90
redeem-325727-cancelled,,300,100,10,10,3
redeem-953170,57,-590,800,510,300,90
redeem-326129,3,-10,20,243,223,66.9
redeem-405822,57,-590,800,510,300,90
redeem-575388,57,-590,800,510,300,90
redeem-977948,57,-590,800,510,300,90
redeem-658713,57,-590,800,510,300,90
redeem-352897,57,-590,800,510,300,90
redeem-977729,57,-590,800,510,300,90
redeem-894528,57,-590,800,510,300,90
redeem-904342,57,-590,800,510,300,90
redeem-289486,57,-590,800,510,300,90
redeem-820023,57,-590,800,510,300,90
redeem-207483,57,-590,800,510,300,90
redeem-420887,57,-590,800,510,300,90
redeem-325782-cancelled,,388,100,0,0,0
redeem-230668,57,-590,800,510,300,90
redeem-694811,57,-590,800,510,300,90
redeem-442719,57,-590,800,510,300,90
redeem-805710,57,-590,800,510,300,90
redeem-671033,57,-590,800,510,300,90
redeem-924034,57,-590,800,510,300,90
redeem-538452,57,-590,800,510,300,90
redeem-666231,57,-590,800,510,300,90
redeem-251310,57,-590,800,510,300,90
redeem-522159,57,-590,800,510,300,90
redeem-715155,57,-590,800,510,300,90
redeem-325784-cancelled,,200,2000,-200,-100,-30
redeem-446212,57,-590,800,510,300,90
redeem-777429,57,-590,800,510,300,90
redeem-510970,57,-590,800,510,300,90
redeem-845709,57,-590,800,510,300,90
redeem-550173,57,-590,800,510,300,90
redeem-892105,57,-590,800,510,300,90
redeem-221118,57,-590,800,510,300,90
redeem-143132,57,-590,800,510,300,90
redeem-287907,57,-590,800,510,300,90
redeem-949231,57,-590,800,510,300,90
redeem-325794-cancelled,,300,300,0,0,0
redeem-584143,57,-590,800,510,300,90
redeem-126444,57,-590,800,510,300,90
redeem-890556,57,-590,800,510,300,90
redeem-192227,57,-590,800,510,300,90
redeem-562329,57,-590,800,510,300,90
redeem-123908,57,-590,800,510,300,90
redeem-968915,57,-590,800,510,300,90
redeem-707442,57,-590,800,510,300,90
redeem-767132,57,-590,800,510,300,90
redeem-209929,57,-590,800,510,300,90
redeem-118364,57,-590,800,510,300,90
redeem-256553,57,-590,800,510,300,90
redeem-779141,57,-590,800,510,300,90
redeem-169179,57,-590,800,510,300,90
redeem-166370,57,-590,800,510,300,90
redeem-850527,57,-590,800,510,300,90
redeem-958729,57,-590,800,510,300,90
redeem-637238,57,-590,800,510,300,90
redeem-537464,57,-590,800,510,300,90
redeem-394149,57,-590,800,510,300,90
redeem-103350,57,-590,800,510,300,90
redeem-545558,57,-590,800,510,300,90
redeem-325615,0,-100,,,,
redeem-326135-cancelled,,7,20,0,0,0
redeem-314584,57,-590,800,510,300,90
redeem-642211,57,-590,800,510,300,90
redeem-838691,57,-590,800,510,300,90
redeem-763307,57,-590,800,510,300,90
redeem-583113,57,-590,800,510,300,90
redeem-564039,57,-590,800,510,300,90
redeem-792141,57,-590,800,510,300,90
redeem-288054,57,-590,800,510,300,90
redeem-195411,57,-590,800,510,300,90
redeem-578862,57,-590,800,510,300,90
redeem-788046,57,-590,800,510,300,90
redeem-628467,57,-590,800,510,300,90
redeem-112060,57,-590,800,510,300,90
redeem-204822,57,-590,800,510,300,90
redeem-578023,57,-590,800,510,300,90
redeem-337731,57,-590,800,510,300,90
redeem-574649,57,-590,800,510,300,90
redeem-238719,57,-590,800,510,300,90
redeem-601553,57,-590,800,510,300,90
redeem-620774,57,-590,800,510,300,90
redeem-506560,57,-590,800,510,300,90
redeem-126234,57,-590,800,510,300,90
redeem-735233,57,-590,800,510,300,90
redeem-486984,57,-590,800,510,300,90
redeem-688513,57,-590,800,510,300,90
redeem-675754,57,-590,800,510,300,90
redeem-415423,57,-590,800,510,300,90
redeem-275313,57,-590,800,510,300,90
redeem-306816,57,-590,800,510,300,90
redeem-639789,57,-590,800,510,300,90
redeem-204990,57,-590,800,510,300,90
redeem-600594,57,-590,800,510,300,90
redeem-560962,57,-590,800,510,300,90
redeem-560663,57,-590,800,510,300,90
redeem-424341,57,-590,800,510,300,90
redeem-608476,57,-590,800,510,300,90
redeem-309109,57,-590,800,510,300,90
redeem-265035,57,-590,800,510,300,90
redeem-325588,30,-100,,,,
redeem-719961,57,-590,800,510,300,90
redeem-410706,57,-590,800,510,300,90
redeem-114690,57,-590,800,510,300,90
redeem-239908,57,-590,800,510,300,90
redeem-905033,57,-590,800,510,300,90
redeem-345975,57,-590,800,510,300,90
redeem-566792,57,-590,800,510,300,90
redeem-622232,57,-590,800,510,300,90
redeem-821617,57,-590,800,510,300,90
redeem-639083,57,-590,800,510,300,90
redeem-323143,57,-590,800,510,300,90
redeem-323371,57,-590,800,510,300,90
redeem-472195,57,-590,800,510,300,90
redeem-337282,57,-590,800,510,300,90
redeem-170637,57,-590,800,510,300,90
redeem-325728,3,-10,100,310,210,63
redeem-729631,57,-590,800,510,300,90
redeem-551775,57,-590,800,510,300,90
redeem-789158,57,-590,800,510,300,90
redeem-526310,57,-590,800,510,300,90
redeem-952037,57,-590,800,510,300,90
redeem-228102,57,-590,800,510,300,90
redeem-617935,57,-590,800,510,300,90
redeem-840835,57,-590,800,510,300,90
redeem-376308,57,-590,800,510,300,90
redeem-325927,24,-100,20,100,80,24
redeem-737652,57,-590,800,510,300,90
redeem-583532,57,-590,800,510,300,90
redeem-657694,57,-590,800,510,300,90
redeem-682267,57,-590,800,510,300,90
redeem-325741,60,-300,100,300,200,60
redeem-980238,57,-590,800,510,300,90
redeem-492934,57,-590,800,510,300,90
redeem-538022,57,-590,800,510,300,90
redeem-137481,57,-590,800,510,300,90
redeem-616619,57,-590,800,510,300,90
redeem-681753,57,-590,800,510,300,90
redeem-232417,57,-590,800,510,300,90
redeem-311338,57,-590,800,510,300,90
redeem-939677,57,-590,800,510,300,90
redeem-781941,57,-590,800,510,300,90
redeem-672311,57,-590,800,510,300,90
redeem-360717,57,-590,800,510,300,90
redeem-682213,57,-590,800,510,300,90
redeem-281016,57,-590,800,510,300,90
redeem-389708,57,-590,800,510,300,90
redeem-193346,57,-590,800,510,300,90
redeem-862212,57,-590,800,510,300,90
redeem-545716,57,-590,800,510,300,90
redeem-591040,57,-590,800,510,300,90
redeem-387378,57,-590,800,510,300,90
redeem-642988,57,-590,800,510,300,90
redeem-805300,57,-590,800,510,300,90
redeem-600581,57,-590,800,510,300,90
redeem-939821,57,-590,800,510,300,90
redeem-361946,57,-590,800,510,300,90
redeem-488546,57,-590,800,510,300,90
redeem-975132,57,-590,800,510,300,90
redeem-381417,57,-590,800,510,300,90
redeem-243862,57,-590,800,510,300,90
redeem-546587,57,-590,800,510,300,90
redeem-857763,57,-590,800,510,300,90
redeem-540114,57,-590,800,510,300,90
redeem-929469,57,-590,800,510,300,90
redeem-226437,57,-590,800,510,300,90
redeem-437998,57,-590,800,510,300,90
redeem-372351,57,-590,800,510,300,90
redeem-263763,57,-590,800,510,300,90
redeem-924115,57,-590,800,510,300,90
redeem-481835,57,-590,800,510,300,90
redeem-386161,57,-590,800,510,300,90
redeem-451498,57,-590,800,510,300,90
redeem-969155,57,-590,800,510,300,90
redeem-745617,57,-590,800,510,300,90
redeem-733616,57,-590,800,510,300,90
redeem-703638,57,-590,800,510,300,90
redeem-348724,57,-590,800,510,300,90
redeem-405006,57,-590,800,510,300,90
redeem-491220,57,-590,800,510,300,90
redeem-839857,57,-590,800,510,300,90
redeem-543289,57,-590,800,510,300,90
redeem-297228,57,-590,800,510,300,90
redeem-708503,57,-590,800,510,300,90
redeem-108332,57,-590,800,510,300,90
redeem-436526,57,-590,800,510,300,90
redeem-282233,57,-590,800,510,300,90
redeem-513542,57,-590,800,510,300,90
redeem-904438,57,-590,800,510,300,90
redeem-156370,57,-590,800,510,300,90
redeem-781361,57,-590,800,510,300,90
redeem-620660,57,-590,800,510,300,90
redeem-262157,57,-590,800,510,300,90
redeem-717312,57,-590,800,510,300,90
redeem-500892,57,-590,800,510,300,90
redeem-729569,57,-590,800,510,300,90
redeem-552974,57,-590,800,510,300,90
redeem-267922,57,-590,800,510,300,90
redeem-419223,57,-590,800,510,300,90
redeem-325795-cancelled,,400,300,0,0,0
redeem-626784,57,-590,800,510,300,90
redeem-527045,57,-590,800,510,300,90
redeem-418081,57,-590,800,510,300,90
redeem-957133,57,-590,800,510,300,90
redeem-718802,57,-590,800,510,300,90
redeem-108388,57,-590,800,510,300,90
redeem-678052,57,-590,800,510,300,90
redeem-138216,57,-590,800,510,300,90
redeem-119913,57,-590,800,510,300,90
redeem-220332,57,-590,800,510,300,90
redeem-799939,57,-590,800,510,300,90
redeem-906514,57,-590,800,510,300,90
redeem-339353,57,-590,800,510,300,90
redeem-966848,57,-590,800,510,300,90
redeem-430791,57,-590,800,510,300,90
redeem-425900,57,-590,800,510,300,90
redeem-348334,57,-590,800,510,300,90
redeem-967884,57,-590,800,510,300,90
redeem-741726,57,-590,800,510,300,90
redeem-590520,57,-590,800,510,300,90
redeem-162816,57,-590,800,510,300,90
redeem-922620,57,-590,800,510,300,90
redeem-944543,57,-590,800,510,300,90
redeem-101099,57,-590,800,510,300,90
redeem-154593,57,-590,800,510,300,90
redeem-988117,57,-590,800,510,300,90
redeem-939195,57,-590,800,510,300,90
redeem-935400,57,-590,800,510,300,90
redeem-452837,57,-590,800,510,300,90
redeem-911945,57,-590,800,510,300,90
redeem-191637,57,-590,800,510,300,90
redeem-784624,57,-590,800,510,300,90
redeem-717485,57,-590,800,510,300,90
redeem-790810,57,-590,800,510,300,90
redeem-869540,57,-590,800,510,300,90
redeem-625777,57,-590,800,510,300,90
redeem-306398,57,-590,800,510,300,90
redeem-727314,57,-590,800,510,300,90
redeem-458510,57,-590,800,510,300,90
redeem-350413,57,-590,800,510,300,90
redeem-357465,57,-590,800,510,300,90
redeem-581883,57,-590,800,510,300,90
redeem-359098,57,-590,800,510,300,90
redeem-192658,57,-590,800,510,300,90
redeem-433711,57,-590,800,510,300,90
redeem-463777,57,-590,800,510,300,90
redeem-157974,57,-590,800,510,300,90
redeem-324159,57,-590,800,510,300,90
redeem-887373,57,-590,800,510,300,90
redeem-863930,57,-590,800,510,300,90
redeem-324056,57,-590,800,510,300,90
redeem-879814,57,-590,800,510,300,90
redeem-430270,57,-590,800,510,300,90
redeem-470276,57,-590,800,510,300,90
redeem-769115,57,-590,800,510,300,90
redeem-518585,57,-590,800,510,300,90
redeem-430609,57,-590,800,510,300,90
redeem-965268,57,-590,800,510,300,90
redeem-430165,57,-590,800,510,300,90
redeem-188327,57,-590,800,510,300,90
redeem-327322,57,-590,800,510,300,90
redeem-461440,57,-590,800,510,300,90
redeem-623587,57,-590,800,510,300,90
redeem-189455,57,-590,800,510,300,90
redeem-593807,57,-590,800,510,300,90
redeem-934694,57,-590,800,510,300,90
redeem-964058,57,-590,800,510,300,90
redeem-515494,57,-590,800,510,300,90
redeem-838701,57,-590,800,510,300,90
redeem-977247,57,-590,800,510,300,90
redeem-688064,57,-590,800,510,300,90
redeem-326943,57,-590,800,510,300,90
redeem-715075,57,-590,800,510,300,90
redeem-408118,57,-590,800,510,300,90
redeem-559297,57,-590,800,510,300,90
redeem-882973,57,-590,800,510,300,90
redeem-417224,57,-590,800,510,300,90
redeem-575301,57,-590,800,510,300,90
redeem-669519,57,-590,800,510,300,90
redeem-680387,57,-590,800,510,300,90
redeem-436002,57,-590,800,510,300,90
redeem-787382,57,-590,800,510,300,90
redeem-336514,57,-590,800,510,300,90
redeem-977284,57,-590,800,510,300,90
redeem-116888,57,-590,800,510,300,90
redeem-865753,57,-590,800,510,300,90
redeem-287461,57,-590,800,510,300,90
redeem-383919,57,-590,800,510,300,90
redeem-135422,57,-590,800,510,300,90
redeem-400486,57,-590,800,510,300,90
redeem-412817,57,-590,800,510,300,90
redeem-292298,57,-590,800,510,300,90
redeem-281684,57,-590,800,510,300,90
redeem-703170,57,-590,800,510,300,90
redeem-852153,57,-590,800,510,300,90
redeem-870104,57,-590,800,510,300,90
redeem-643057,57,-590,800,510,300,90
redeem-258877,57,-590,800,510,300,90
redeem-590788,57,-590,800,510,300,90
redeem-361466,57,-590,800,510,300,90
redeem-522490,57,-590,800,510,300,90
redeem-829242,57,-590,800,510,300,90
redeem-439802,57,-590,800,510,300,90
redeem-836736,57,-590,800,510,300,90
redeem-451287,57,-590,800,510,300,90
redeem-784741,57,-590,800,510,300,90
redeem-325725,0,-300,1000,300,0,0
redeem-268649,57,-590,800,510,300,90
redeem-480582,57,-590,800,510,300,90
redeem-534866,57,-590,800,510,300,90
redeem-334788,57,-590,800,510,300,90
redeem-138828,57,-590,800,510,300,90
redeem-706533,57,-590,800,510,300,90
redeem-774935,57,-590,800,510,300,90
redeem-638102,57,-590,800,510,300,90
redeem-357606,57,-590,800,510,300,90
redeem-437480,57,-590,800,510,300,90
redeem-493523,57,-590,800,510,300,90
redeem-236525,57,-590,800,510,300,90
redeem-996040,57,-590,800,510,300,90
redeem-933616,57,-590,800,510,300,90
redeem-628448,57,-590,800,510,300,90
redeem-104594,57,-590,800,510,300,90
redeem-535238,57,-590,800,510,300,90
redeem-988278,57,-590,800,510,300,90
redeem-989526,57,-590,800,510,300,90
redeem-980187,57,-590,800,510,300,90
redeem-626656,57,-590,800,510,300,90
redeem-201840,57,-590,800,510,300,90
redeem-113422,57,-590,800,510,300,90
redeem-851217,57,-590,800,510,300,90
redeem-988242,57,-590,800,510,300,90
redeem-132349,57,-590,800,510,300,90
redeem-431429,57,-590,800,510,300,90
redeem-451188,57,-590,800,510,300,90
redeem-356393,57,-590,800,510,300,90
redeem-335051,57,-590,800,510,300,90
redeem-535493,57,-590,800,510,300,90
redeem-116149,57,-590,800,510,300,90
redeem-766531,57,-590,800,510,300,90
redeem-555615,57,-590,800,510,300,90
redeem-693692,57,-590,800,510,300,90
redeem-887572,57,-590,800,510,300,90
redeem-326796,57,-590,800,510,300,90
redeem-472723,57,-590,800,510,300,90
redeem-217665,57,-590,800,510,300,90
redeem-328940,57,-590,800,510,300,90
redeem-694299,57,-590,800,510,300,90
redeem-925946,57,-590,800,510,300,90
redeem-303798,57,-590,800,510,300,90
redeem-813022,57,-590,800,510,300,90
redeem-326131,3.6,-12,20,266,246,73.8
redeem-409732,57,-590,800,510,300,90
redeem-239284,57,-590,800,510,300,90
redeem-723432,57,-590,800,510,300,90
redeem-654242,57,-590,800,510,300,90
redeem-872153,57,-590,800,510,300,90
redeem-679491,57,-590,800,510,300,90
redeem-588127,57,-590,800,510,300,90
redeem-421467,57,-590,800,510,300,90
redeem-859995,57,-590,800,510,300,90
redeem-430284,57,-590,800,510,300,90
redeem-447180,57,-590,800,510,300,90
redeem-820454,57,-590,800,510,300,90
redeem-111385,57,-590,800,510,300,90
redeem-429606,57,-590,800,510,300,90
redeem-106290,57,-590,800,510,300,90
redeem-458341,57,-590,800,510,300,90
redeem-472112,57,-590,800,510,300,90
redeem-371089,57,-590,800,510,300,90
redeem-764270,57,-590,800,510,300,90
redeem-559989,57,-590,800,510,300,90
redeem-546665,57,-590,800,510,300,90
redeem-920779,57,-590,800,510,300,90
redeem-183077,57,-590,800,510,300,90
redeem-689207,57,-590,800,510,300,90
redeem-153347,57,-590,800,510,300,90
redeem-259889,57,-590,800,510,300,90
redeem-912642,57,-590,800,510,300,90
redeem-584811,57,-590,800,510,300,90
redeem-398868,57,-590,800,510,300,90
redeem-768310,57,-590,800,510,300,90
redeem-878138,57,-590,800,510,300,90
redeem-242465,57,-590,800,510,300,90
redeem-281407,57,-590,800,510,300,90
redeem-703832,57,-590,800,510,300,90
redeem-584010,57,-590,800,510,300,90
redeem-448452,57,-590,800,510,300,90
redeem-399552,57,-590,800,510,300,90
redeem-856705,57,-590,800,510,300,90
redeem-537504,57,-590,800,510,300,90
redeem-851766,57,-590,800,510,300,90
redeem-326123,8.4,-28,20,198,178,53.4
redeem-152206,57,-590,800,510,300,90
redeem-729554,57,-590,800,510,300,90
redeem-154399,57,-590,800,510,300,90
redeem-404265,57,-590,800,510,300,90
redeem-682005,57,-590,800,510,300,90
redeem-711915,57,-590,800,510,300,90
redeem-683885,57,-590,800,510,300,90
redeem-325722,0,-200,1000,0,0,0
redeem-554295,57,-590,800,510,300,90
redeem-952061,57,-590,800,510,300,90
redeem-945251,57,-590,800,510,300,90
redeem-396397,57,-590,800,510,300,90
redeem-879390,57,-590,800,510,300,90
redeem-914793,57,-590,800,510,300,90
redeem-498357,57,-590,800,510,300,90
redeem-244122,57,-590,800,510,300,90
redeem-560213,57,-590,800,510,300,90
redeem-588142,57,-590,800,510,300,90
redeem-502693,57,-590,800,510,300,90
redeem-584819,57,-590,800,510,300,90
redeem-804997,57,-590,800,510,300,90
redeem-111379,57,-590,800,510,300,90
redeem-510609,57,-590,800,510,300,90
redeem-999628,57,-590,800,510,300,90
redeem-292409,57,-590,800,510,300,90
redeem-681977,57,-590,800,510,300,90
redeem-736548,57,-590,800,510,300,90
redeem-171211,57,-590,800,510,300,90
redeem-623478,57,-590,800,510,300,90
redeem-103164,57,-590,800,510,300,90
redeem-367789,57,-590,800,510,300,90
redeem-294199,57,-590,800,510,300,90
redeem-875977,57,-590,800,510,300,90
redeem-409405,57,-590,800,510,300,90
redeem-683000,57,-590,800,510,300,90
redeem-885026,57,-590,800,510,300,90
redeem-425516,57,-590,800,510,300,90
redeem-560143,57,-590,800,510,300,90
redeem-179373,57,-590,800,510,300,90
redeem-665692,57,-590,800,510,300,90
redeem-951689,57,-590,800,510,300,90
redeem-156758,57,-590,800,510,300,90
redeem-516305,57,-590,800,510,300,90
redeem-583858,57,-590,800,510,300,90
redeem-878250,57,-590,800,510,300,90
redeem-864031,57,-590,800,510,300,90
redeem-918843,57,-590,800,510,300,90
redeem-713916,57,-590,800,510,300,90
redeem-582982,57,-590,800,510,300,90
redeem-910091,57,-590,800,510,300,90
redeem-409986,57,-590,800,510,300,90
redeem-325784,30,-200,100,200,100,30
redeem-976082,57,-590,800,510,300,90
redeem-639919,57,-590,800,510,300,90
redeem-425610,57,-590,800,510,300,90
redeem-651903,57,-590,800,510,300,90
redeem-318745,57,-590,800,510,300,90
redeem-866194,57,-590,800,510,300,90
redeem-110832,57,-590,800,510,300,90
redeem-457033,57,-590,800,510,300,90
redeem-996517,57,-590,800,510,300,90
redeem-184952,57,-590,800,510,300,90
redeem-974305,57,-590,800,510,300,90
redeem-319755,57,-590,800,510,300,90
redeem-199767,57,-590,800,510,300,90
redeem-310897,57,-590,800,510,300,90
redeem-624065,57,-590,800,510,300,90
redeem-942125,57,-590,800,510,300,90
redeem-792881,57,-590,800,510,300,90
redeem-224649,57,-590,800,510,300,90
redeem-895401,57,-590,800,510,300,90
redeem-410519,57,-590,800,510,300,90
redeem-558107,57,-590,800,510,300,90
redeem-961431,57,-590,800,510,300,90
redeem-212037,57,-590,800,510,300,90
redeem-213943,57,-590,800,510,300,90
redeem-171148,57,-590,800,510,300,90
redeem-274806,57,-590,800,510,300,90
redeem-303722,57,-590,800,510,300,90
redeem-965159,57,-590,800,510,300,90
redeem-834322,57,-590,800,510,300,90
redeem-586014,57,-590,800,510,300,90
redeem-204076,57,-590,800,510,300,90
redeem-758081,57,-590,800,510,300,90
redeem-216629,57,-590,800,510,300,90
redeem-207588,57,-590,800,510,300,90
redeem-789272,57,-590,800,510,300,90
redeem-661092,57,-590,800,510,300,90
redeem-307354,57,-590,800,510,300,90
redeem-312735,57,-590,800,510,300,90
redeem-560769,57,-590,800,510,300,90
redeem-166660,57,-590,800,510,300,90
redeem-614037,57,-590,800,510,300,90
redeem-519798,57,-590,800,510,300,90
redeem-966720,57,-590,800,510,300,90
redeem-894483,57,-590,800,510,300,90
redeem-537732,57,-590,800,510,300,90
redeem-475217,57,-590,800,510,300,90
redeem-157901,57,-590,800,510,300,90
redeem-830062,57,-590,800,510,300,90
redeem-825998,57,-590,800,510,300,90
redeem-259853,57,-590,800,510,300,90
redeem-897819,57,-590,800,510,300,90
redeem-453613,57,-590,800,510,300,90
redeem-480319,57,-590,800,510,300,90
redeem-471826,57,-590,800,510,300,90
redeem-598025,57,-590,800,510,300,90
redeem-543305,57,-590,800,510,300,90
redeem-729546,57,-590,800,510,300,90
redeem-325829,24,-100,20,100,80,24
redeem-847024,57,-590,800,510,300,90
redeem-283850,57,-590,800,510,300,90
redeem-457626,57,-590,800,510,300,90
redeem-890607,57,-590,800,510,300,90
redeem-286468,57,-590,800,510,300,90
redeem-773692,57,-590,800,510,300,90
redeem-500628,57,-590,800,510,300,90
redeem-379149,57,-590,800,510,300,90
redeem-949586,57,-590,800,510,300,90
redeem-805047,57,-590,800,510,300,90
redeem-772646,57,-590,800,510,300,90
redeem-741445,57,-590,800,510,300,90
redeem-963790,57,-590,800,510,300,90
redeem-256135,57,-590,800,510,300,90
redeem-404313,57,-590,800,510,300,90
redeem-954103,57,-590,800,510,300,90
redeem-855209,57,-590,800,510,300,90
redeem-530747,57,-590,800,510,300,90
redeem-577440,57,-590,800,510,300,90
redeem-964048,57,-590,800,510,300,90
redeem-773248,57,-590,800,510,300,90
redeem-863910,57,-590,800,510,300,90
redeem-950534,57,-590,800,510,300,90
redeem-786253,57,-590,800,510,300,90
redeem-160704,57,-590,800,510,300,90
redeem-320541,57,-590,800,510,300,90
redeem-142559,57,-590,800,510,300,90
redeem-449468,57,-590,800,510,300,90
redeem-453858,57,-590,800,510,300,90
redeem-701984,57,-590,800,510,300,90
redeem-854124,57,-590,800,510,300,90
redeem-149440,57,-590,800,510,300,90
redeem-885096,57,-590,800,510,300,90
redeem-721417,57,-590,800,510,300,90
redeem-718425,57,-590,800,510,300,90
redeem-382329,57,-590,800,510,300,90
redeem-601093,57,-590,800,510,300,90
redeem-567868,57,-590,800,510,300,90
redeem-161385,57,-590,800,510,300,90
redeem-259573,57,-590,800,510,300,90
redeem-143851,57,-590,800,510,300,90
redeem-667431,57,-590,800,510,300,90
redeem-669982,57,-590,800,510,300,90
redeem-332005,57,-590,800,510,300,90
redeem-154460,57,-590,800,510,300,90
redeem-275057,57,-590,800,510,300,90
redeem-585589,57,-590,800,510,300,90
redeem-325297,57,-590,800,510,300,90
redeem-325798-cancelled,,381,300,0,0,0
redeem-179762,57,-590,800,510,300,90
redeem-126838,57,-590,800,510,300,90
redeem-796448,57,-590,800,510,300,90
redeem-634754,57,-590,800,510,300,90
redeem-380227,57,-590,800,510,300,90
redeem-491665,57,-590,800,510,300,90
redeem-872881,57,-590,800,510,300,90
redeem-432953,57,-590,800,510,300,90
redeem-490476,57,-590,800,510,300,90
redeem-943665,57,-590,800,510,300,90
redeem-971984,57,-590,800,510,300,90
redeem-965140,57,-590,800,510,300,90
redeem-903730,57,-590,800,510,300,90
redeem-305419,57,-590,800,510,300,90
redeem-810533,57,-590,800,510,300,90
redeem-310500,57,-590,800,510,300,90
redeem-315347,57,-590,800,510,300,90
redeem-147762,57,-590,800,510,300,90
redeem-155619,57,-590,800,510,300,90
redeem-346049,57,-590,800,510,300,90
redeem-809771,57,-590,800,510,300,90
redeem-383028,57,-590,800,510,300,90
redeem-983875,57,-590,800,510,300,90
redeem-697443,57,-590,800,510,300,90
redeem-785996,57,-590,800,510,300,90
redeem-379529,57,-590,800,510,300,90
redeem-903271,57,-590,800,510,300,90
redeem-243622,57,-590,800,510,300,90
redeem-581854,57,-590,800,510,300,90
redeem-230909,57,-590,800,510,300,90
redeem-359753,57,-590,800,510,300,90
redeem-722221,57,-590,800,510,300,90
redeem-488101,57,-590,800,510,300,90
redeem-153397,57,-590,800,510,300,90
redeem-706778,57,-590,800,510,300,90
redeem-584951,57,-590,800,510,300,90
redeem-513472,57,-590,800,510,300,90
redeem-382224,57,-590,800,510,300,90
redeem-886532,57,-590,800,510,300,90
redeem-119985,57,-590,800,510,300,90
redeem-168656,57,-590,800,510,300,90
redeem-983217,57,-590,800,510,300,90
redeem-172519,57,-590,800,510,300,90
redeem-622652,57,-590,800,510,300,90
redeem-409686,57,-590,800,510,300,90
redeem-764851,57,-590,800,510,300,90
redeem-515277,57,-590,800,510,300,90
redeem-371979,57,-590,800,510,300,90
redeem-301443,57,-590,800,510,300,90
redeem-599833,57,-590,800,510,300,90
redeem-337876,57,-590,800,510,300,90
redeem-224335,57,-590,800,510,300,90
redeem-531755,57,-590,800,510,300,90
redeem-415787,57,-590,800,510,300,90
redeem-778889,57,-590,800,510,300,90
redeem-317376,57,-590,800,510,300,90
redeem-723483,57,-590,800,510,300,90
redeem-661439,57,-590,800,510,300,90
redeem-285834,57,-590,800,510,300,90
redeem-462275,57,-590,800,510,300,90
redeem-157215,57,-590,800,510,300,90
redeem-890675,57,-590,800,510,300,90
redeem-100378,57,-590,800,510,300,90
redeem-430988,57,-590,800,510,300,90
redeem-355411,57,-590,800,510,300,90
redeem-342604,57,-590,800,510,300,90
redeem-194541,57,-590,800,510,300,90
redeem-486769,57,-590,800,510,300,90
redeem-196727,57,-590,800,510,300,90
redeem-227525,57,-590,800,510,300,90
redeem-529268,57,-590,800,510,300,90
redeem-325613-cancelled,,301,,,,
redeem-468612,57,-590,800,510,300,90
redeem-990296,57,-590,800,510,300,90
redeem-481261,57,-590,800,510,300,90
redeem-740738,57,-590,800,510,300,90
redeem-327878,57,-590,800,510,300,90
redeem-833849,57,-590,800,510,300,90
redeem-501395,57,-590,800,510,300,90
redeem-301051,57,-590,800,510,300,90
redeem-227871,57,-590,800,510,300,90
redeem-930603,57,-590,800,510,300,90
redeem-326132-cancelled,,13,20,266,246,73.8
redeem-695531,57,-590,800,510,300,90
redeem-381871,57,-590,800,510,300,90
redeem-739023,57,-590,800,510,300,90
redeem-962035,57,-590,800,510,300,90
redeem-774627,57,-590,800,510,300,90
redeem-398368,57,-590,800,510,300,90
redeem-593244,57,-590,800,510,300,90
redeem-443100,57,-590,800,510,300,90
redeem-369210,57,-590,800,510,300,90
redeem-687460,57,-590,800,510,300,90
redeem-507935,57,-590,800,510,300,90
redeem-799965,57,-590,800,510,300,90
redeem-197243,57,-590,800,510,300,90
redeem-863425,57,-590,800,510,300,90
redeem-753555,57,-590,800,510,300,90
redeem-326130-cancelled,,11,20,243,223,66.9
redeem-734741,57,-590,800,510,300,90
redeem-353473,57,-590,800,510,300,90
redeem-932825,57,-590,800,510,300,90
redeem-970133,57,-590,800,510,300,90
redeem-506129,57,-590,800,510,300,90
redeem-325659-cancelled,,10,400,510,110,33
redeem-655034,57,-590,800,510,300,90
redeem-388494,57,-590,800,510,300,90
redeem-996677,57,-590,800,510,300,90
redeem-802971,57,-590,800,510,300,90
redeem-847165,57,-590,800,510,300,90
redeem-802631,57,-590,800,510,300,90
redeem-569357,57,-590,800,510,300,90
redeem-541344,57,-590,800,510,300,90
redeem-994150,57,-590,800,510,300,90
redeem-511027,57,-590,800,510,300,90
redeem-654102,57,-590,800,510,300,90
redeem-172498,57,-590,800,510,300,90
redeem-689401,57,-590,800,510,300,90
redeem-626911,57,-590,800,510,300,90
redeem-726686,57,-590,800,510,300,90
redeem-480476,57,-590,800,510,300,90
redeem-726094,57,-590,800,510,300,90
redeem-737661,57,-590,800,510,300,90
redeem-761055,57,-590,800,510,300,90
redeem-630326,57,-590,800,510,300,90
redeem-325599-cancelled,,30,,,,
redeem-546406,57,-590,800,510,300,90
redeem-786777,57,-590,800,510,300,90
redeem-291302,57,-590,800,510,300,90
redeem-695492,57,-590,800,510,300,90
redeem-548399,57,-590,800,510,300,90
redeem-544554,57,-590,800,510,300,90
redeem-349960,57,-590,800,510,300,90
redeem-693933,57,-590,800,510,300,90
redeem-654882,57,-590,800,510,300,90
redeem-315382,57,-590,800,510,300,90
redeem-807365,57,-590,800,510,300,90
redeem-708689,57,-590,800,510,300,90
redeem-962206,57,-590,800,510,300,90
redeem-152195,57,-590,800,510,300,90
redeem-798594,57,-590,800,510,300,90
redeem-227970,57,-590,800,510,300,90
redeem-576139,57,-590,800,510,300,90
redeem-710231,57,-590,800,510,300,90
redeem-326120,24,-100,20,100,80,24
redeem-469327,57,-590,800,510,300,90
redeem-899627,57,-590,800,510,300,90
redeem-325588-cancelled,,100,,,,
redeem-708539,57,-590,800,510,300,90
redeem-811616,57,-590,800,510,300,90
redeem-817313,57,-590,800,510,300,90
redeem-618463,57,-590,800,510,300,90
redeem-516840,57,-590,800,510,300,90
redeem-125730,57,-590,800,510,300,90
redeem-202443,57,-590,800,510,300,90
redeem-347360,57,-590,800,510,300,90
redeem-221687,57,-590,800,510,300,90
redeem-253596,57,-590,800,510,300,90
redeem-136805,57,-590,800,510,300,90
redeem-896097,57,-590,800,510,300,90
redeem-793356,57,-590,800,510,300,90
redeem-735119,57,-590,800,510,300,90
redeem-617427,57,-590,800,510,300,90
redeem-981398,57,-590,800,510,300,90
redeem-550121,57,-590,800,510,300,90
redeem-792470,57,-590,800,510,300,90
redeem-145371,57,-590,800,510,300,90
redeem-257675,57,-590,800,510,300,90
redeem-579785,57,-590,800,510,300,90
redeem-360057,57,-590,800,510,300,90
redeem-289988,57,-590,800,510,300,90
redeem-864106,57,-590,800,510,300,90
redeem-152839,57,-590,800,510,300,90
redeem-325799,0,-300,300,300,0,0
redeem-528109,57,-590,800,510,300,90
redeem-927038,57,-590,800,510,300,90
redeem-892737,57,-590,800,510,300,90
redeem-845221,57,-590,800,510,300,90
redeem-672026,57,-590,800,510,300,90
redeem-607894,57,-590,800,510,300,90
redeem-632576,57,-590,800,510,300,90
redeem-264341,57,-590,800,510,300,90
redeem-317970,57,-590,800,510,300,90
redeem-357451,57,-590,800,510,300,90
redeem-848246,57,-590,800,510,300,90
redeem-292447,57,-590,800,510,300,90
redeem-547296,57,-590,800,510,300,90
redeem-278723,57,-590,800,510,300,90
redeem-506661,57,-590,800,510,300,90
redeem-291687,57,-590,800,510,300,90
redeem-485947,57,-590,800,510,300,90
redeem-841918,57,-590,800,510,300,90
redeem-818110,57,-590,800,510,300,90
redeem-249889,57,-590,800,510,300,90
redeem-594410,57,-590,800,510,300,90
redeem-425692,57,-590,800,510,300,90
redeem-230351,57,-590,800,510,300,90
redeem-378927,57,-590,800,510,300,90
redeem-221026,57,-590,800,510,300,90
redeem-312248,57,-590,800,510,300,90
redeem-716672,57,-590,800,510,300,90
redeem-447287,57,-590,800,510,300,90
redeem-106145,57,-590,800,510,300,90
redeem-313761,57,-590,800,510,300,90
redeem-169895,57,-590,800,510,300,90
redeem-325741-cancelled,,300,100,0,0,0
redeem-291386,57,-590,800,510,300,90
redeem-712516,57,-590,800,510,300,90
redeem-293767,57,-590,800,510,300,90
redeem-931518,57,-590,800,510,300,90
redeem-605267,57,-590,800,510,300,90
redeem-214694,57,-590,800,510,300,90
redeem-475044,57,-590,800,510,300,90
redeem-685639,57,-590,800,510,300,90
redeem-613737,57,-590,800,510,300,90
redeem-579087,57,-590,800,510,300,90
redeem-795661,57,-590,800,510,300,90
redeem-546780,57,-590,800,510,300,90
redeem-943289,57,-590,800,510,300,90
redeem-588576,57,-590,800,510,300,90
redeem-707661,57,-590,800,510,300,90
redeem-420276,57,-590,800,510,300,90
redeem-557286,57,-590,800,510,300,90
redeem-758589,57,-590,800,510,300,90
redeem-160819,57,-590,800,510,300,90
redeem-106339,57,-590,800,510,300,90
redeem-204343,57,-590,800,510,300,90
redeem-270900,57,-590,800,510,300,90
redeem-219764,57,-590,800,510,300,90
redeem-149516,57,-590,800,510,300,90
redeem-819093,57,-590,800,510,300,90
redeem-305502,57,-590,800,510,300,90
redeem-745836,57,-590,800,510,300,90
redeem-490864,57,-590,800,510,300,90
redeem-393835,57,-590,800,510,300,90
redeem-896429,57,-590,800,510,300,90
redeem-323081,57,-590,800,510,300,90
redeem-530520,57,-590,800,510,300,90
redeem-517918,57,-590,800,510,300,90
redeem-713014,57,-590,800,510,300,90
redeem-381148,57,-590,800,510,300,90
redeem-340273,57,-590,800,510,300,90
redeem-999161,57,-590,800,510,300,90
redeem-546427,57,-590,800,510,300,90
redeem-220166,57,-590,800,510,300,90
redeem-915684,57,-590,800,510,300,90
redeem-434385,57,-590,800,510,300,90
redeem-329613,57,-590,800,510,300,90
redeem-785869,57,-590,800,510,300,90
redeem-145037,57,-590,800,510,300,90
redeem-546815,57,-590,800,510,300,90
redeem-247226,57,-590,800,510,300,90
redeem-740967,57,-590,800,510,300,90
